{"fittslaw": [{"distance": 282.842712474619, "width": 200, "time": 0}, {"distance": 269.0724809414742, "width": 200, "time": 0}, {"distance": 804.3009387039157, "width": 200, "time": 0}, {"distance": 158.11388300841898, "width": 200, "time": 6000}]}